Category,Company / Studio,Location,Public Email,Website,What They Do
Illustration,Reactor Art + Design,Toronto,hello@reactor.ca,https://www.reactorart.com/,"Illustration, art & design services"
Illustration,Gary Alphonso,Toronto,garyalphonso@icloud.com,https://garyalphonso.com/,Commercial/editorial/advertising illustration
Photography,Philip Castleton Photography,Toronto,philip@philipcastleton.com,https://philipcastleton.com/,Commercial & architectural photography
Photography,Krug Studios,Toronto,info@krugstudios.com,https://www.krugstudios.com/,"Commercial photography, food/product"
Photography,Meital Studios,North York,connect@meitalstudios.com,https://meitalstudios.com/,Commercial photography
Photography / Production,Talentosa Productions,Toronto,info@talentosaproductions.com,https://talentosaproductions.com/,"Photography, video, drone, campaigns"
Photography / Production,Setlight Media,Toronto,info@setlightmedia.ca,https://setlightmedia.ca/,"Commercial photography, film/video"
Photography / Production,Production Studio,Toronto,sales@productionstudio.ca,https://productionstudio.ca/,Photography / production studio
Creative Production,Antares Media,Oakville,hello@antaresmedia.com,https://antaresmedia.com/,"Film, video, photography, web"
Creative Production,AVI / A Visual Interpretation,Toronto,info@avisualint.com,https://avisualint.com/,"CGI, 3D, motion, VFX, video"
Creative Studio,Souvenir Studios,Toronto,hello@souvenir-studios.com,https://souvenir-studios.com/,"Photoshoots, video, workshops, events"
Creative Studio,Akali Studio,Toronto,akalitoronto@gmail.com,https://akalistudio.ca/,"Photo/video, events, workshops"
Creative Studio,Sorry Studio,Toronto,info@sorrystudio.ca,https://sorrystudio.ca/,Photography/video studio
Print / Gallery,Heliographics,Toronto,info@heliographics.ca,https://www.heliographics.ca/,"Fine-art printing, gallery, framing"
Fine Art Printing,Total Image Works,Toronto,totalsupport@totalimageworks.com,https://www.totalimageworks.com/,Fine-art/photo printing
Print / Design,Saman Design,Toronto,info@samandesign.com,https://www.samandesign.com/,"Design, print, production, installation"
Architectural Printing,Printique-Toronto,GTA,yourvision@printique.ca,https://www.printique.ca/,Architectural surface printing
Print,Printcloud,Toronto,support@printcloud.ca,https://printcloud.ca/,Commercial/digital printing
Print,Printcloud — Toronto,Toronto,toronto@printcloud.ca,https://printcloud.ca/,Commercial printing
Print,TPH / The Printing House,Toronto,tph013@tph.ca,https://www.tph.ca/,Commercial/digital printing
Print,Allegra Toronto Downtown,Toronto,,https://www.allegratoronto.com/,"Printing, signage, direct mail, marketing"
Architecture,MJMA Architecture & Design,Toronto,careers@mjma.ca,https://www.mjma.ca/,"Architecture, recreation, community design"
Architecture,Sweeny&Co Architects,Toronto,careers@sweenyandco.com,https://www.sweenyandco.com/,Architecture/design
Architecture,LLA Architecture+,Toronto,Nicole@llarch.ca,https://llarch.ca/,Architecture/design
Architecture,VFA Architecture + Design,Toronto,joinus@vf-a.com,https://vf-a.com/,Architecture/design
Architecture,QBS Architects,Toronto,careers@qbsarchitects.com,https://qbsarchitects.com/,Architecture
Architecture,ERA Architects,Toronto,employment@eraarch.ca,https://www.eraarch.ca/,"Architecture, heritage, planning"
Architecture,BDP Quadrangle,Toronto,careers@bdpquadrangle.com,https://www.bdpquadrangle.com/,"Architecture, interiors, urbanism"
Architecture,Giannone Petricone Associates,Toronto,mail@gpaia.com,https://gpaia.com/,Architecture/interiors
Architecture,Urbanscape Architects,Toronto,careers@urbanscapearchitect.com,https://urbanscapearchitect.com/,Architecture
Architecture,Q4 Architects,Toronto,careers@q4architects.com,https://q4architects.com/,Architecture/BIM
Architecture,AKB Architects,Toronto,studio@akb.ca,https://akb.ca/,Architecture
Architecture,ARK Architects + Research + Knowledge,Toronto,resumes@arkinc.ca,https://arkinc.ca/,Architecture/design
Architecture,ACDO,Toronto,careers@ac-do.com,https://ac-do.com/,Architecture/interior design
Architecture,KPMB,Toronto,,https://www.kpmb.com/,Architecture/design
Jewellery,Made You Look Jewellery,Toronto,info@madeyoulook.ca,https://madeyoulook.ca/,"Jewellery, independent designers"
Jewellery,Engage Studio,Toronto,questions@engagestudio.com,https://engagestudio.com/,Jewellery design
Jewellery,Christian Hasler & Helen Kim,Toronto,contact@haslerandkim.com,https://www.haslerandkim.com/,Jewellery design/manufacturing
Jewellery,Shelly Purdy,Toronto,shelly@shellypurdy.com,https://shellypurdy.com/,Jewellery design
Jewellery,Linara Custom Jewellery,Toronto,info@linara.ca,https://linara.ca/,Custom jewellery
Jewellery,Sin Kim Jewellery,Toronto,info@sinkimjewellery.com,https://sinkimjewellery.com/,Jewellery design/CAD/goldsmithing
Jewellery,Design by Sevan,Toronto,,,Custom jewellery
Jewellery,Livia Diamonds,Toronto,,,Custom jewellery
Jewellery,Malleable,Toronto,,,Fine/custom jewellery
Jewellery,Pamela Lauz Custom Jewellery,Toronto,,,Custom jewellery
Jewellery,Varouj,Toronto,info@varouj.ca,https://varouj.ca/,Fine/custom jewellery
Jewellery,Damiani By Design,Toronto,olin@damianibydesign.ca,https://damianibydesign.ca/,Custom jewellery
Jewellery,World Jewellery,Toronto,info@worldjewellery.ca,https://worldjewellery.ca/,Fine/custom jewellery
Jewellery,The Proposal Room,Toronto,info@theproposalroom.com,https://theproposalroom.com/,Custom engagement jewellery
Jewellery,Penwarden Fine Jewellery,Toronto,info@penwardenjewellery.com,https://penwardenjewellery.com/,Fine/custom jewellery
Gallery,Roberts Gallery,Toronto,requests@robertsgallery.net,https://www.robertsgallery.net/,Canadian art/gallery
Gallery,Muse Gallery,Toronto,contact@musegallery.ca,https://www.musegallery.ca/,Contemporary art
Gallery,St. Germain Gallery,Toronto,stgermaingallery@gmail.com,https://stgermaingallery.com/,Fine art
Gallery,Gallery 1065,Toronto,gallery1065@gmail.com,https://gallery1065.com/,Contemporary art
Gallery,Bau-Xi Gallery,Toronto,bauxigallery@gmail.com,https://bau-xi.com/,Contemporary art
Gallery,Petroff Gallery,Toronto,info@petroffgallery.com,https://www.petroffgallery.com/,Fine art/contemporary craft
Gallery,Canvas Gallery,Toronto,art@canvasgallery.ca,https://canvasgallery.ca/,Contemporary Canadian art
Gallery,Franz Kaka,Toronto,fk@franzkaka.com,https://franzkaka.com/,Contemporary art
Gallery,Twist Gallery,Toronto,info@twistgallery.ca,https://www.twistgallery.ca/,Gallery/events
Gallery,Skagen Gallery,Toronto,skagengallery@gmail.com,https://skagengallery.com/,Art gallery
Gallery,Towards,Toronto,gallery@towards.info,https://towards.info/,Contemporary art
Gallery,Helio Gallery,Toronto,info@heliographics.ca,https://www.heliographics.ca/,Contemporary art + printing
Gallery / Creative Space,Avant Garde Toronto,Toronto,art@avantgardetoronto.com,https://avantgardetoronto.com/,"Art, exhibitions, events"
Jewellery / Creative Space,RAWspace,Toronto,hellorawspace@gmail.com,https://rawspace.ca/,"Jewellery studio, artists, events"
Events,Sole Power Productions,Toronto,info@solepowerproductions.com,https://solepowerproductions.com/,Event entertainment/production
Events,The Idea Hunter,Toronto,,,Corporate events/event management
Events,Charlie & Sprocket,Toronto,info@charlieandsprocket.com,https://charlieandsprocket.com/,Experiential/event production
Events,West of Contra,Toronto,info@westofcontra.com,https://westofcontra.com/,Event marketing/production
Events,Eclectic Events International,Toronto,info@eclecticevents.com,https://eclecticevents.com/,Event design/production
Events,Tigris Events,Toronto,info@tigriseventsinc.com,https://tigriseventsinc.com/,Experiential/event staffing
Events,Studio Wiin,Mississauga/GTA,admin@studiowiin.com,https://studiowiin.com/,"Event production, photo/video, DJ"
Events,Fusion Events,Toronto,info@fusion-events.ca,https://fusion-events.ca/,Event entertainment/production
Events,Monaco Events,Toronto,info@monacoevents.ca,https://monacoevents.ca/,"Events, AV, video/photo"
Events,Dazzle Events,Toronto,info@dazzle-events.ca,https://dazzle-events.ca/,"Event planning, photography, digital"
Event Production / AV,Quest Audio Visual,Toronto,,,Event AV/production
Event Production / AV,Harmony Production,Etobicoke,info@harmonyproduction.ca,https://harmonyproduction.ca/,"LED, AV, lighting, streaming"
Event Production,Sole Power Productions,Toronto,info@solepowerproductions.com,https://solepowerproductions.com/,"Events, AV, entertainment"
